EmployeeID, FirstName  , LastName , Role                  , Department       , Salary, StartDate , Project        , PerformanceRating, Age, Education , YearsOfExperience, Bonuses, WorkHoursPerWeek, VacationDaysTaken, TrainingHours, TeamSize, ClientSatisfactionScore
1         , John       , Doe      , Software Engineer     , Development      , 70000 , 2022-01-15, Project Alpha  , 4.5              , 28 , Bachelor's, 5                , 3500   , 40              , 10               , 30           , 6       , 4.2
2         , Jane       , Smith    , Data Scientist        , Data Science     , 75000 , 2021-06-01, Project Beta   , 4.7              , 32 , PhD       , 7                , 4000   , 42              , 15               , 45           , 4       , 4.5
3         , Michael    , Johnson  , UX Designer           , Design           , 68000 , 2023-03-10, Project Gamma  , 4.2              , 26 , Master's  , 3                , 2800   , 38              , 8                , 25           , 5       , 4.0
4         , Emily      , Williams , Product Manager       , Management       , 80000 , 2020-11-01, Project Delta  , 4.6              , 35 , MBA       , 10               , 5000   , 45              , 12               , 40           , 8       , 4.7
5         , David      , Brown    , QA Engineer           , Quality Assurance, 65000 , 2022-07-15, Project Epsilon, 4.1              , 29 , Bachelor's, 4                , 2500   , 40              , 7                , 20           , 6       , 3.9
6         , Alice      , Davis    , DevOps Engineer       , Operations       , 72000 , 2021-09-20, Project Zeta   , 4.3              , 31 , Master's  , 6                , 3200   , 41              , 11               , 35           , 5       , 4.3
7         , Robert     , Wilson   , Backend Developer     , Development      , 71000 , 2023-02-05, Project Alpha  , 4.4              , 27 , Bachelor's, 4                , 3000   , 40              , 9                , 28           , 6       , 4.1
8         , Laura      , Moore    , Frontend Developer    , Development      , 69000 , 2022-10-25, Project Beta   , 4.0              , 25 , Bachelor's, 2                , 2200   , 39              , 6                , 22           , 5       , 3.8
9         , James      , Taylor   , HR Manager            , Human Resources  , 73000 , 2020-12-01, NA             , 4.8              , 38 , Master's  , 12               , 4500   , 42              , 14               , 30           , 4       , 4.6
10        , Sarah      , Anderson , Marketing Specialist  , Marketing        , 67000 , 2023-01-10, Project Gamma  , 4.2              , 30 , Bachelor's, 5                , 2700   , 40              , 10               , 25           , 7       , 4.0
11        , Christopher, Thomas   , Systems Analyst       , IT               , 70000 , 2021-08-05, Project Delta  , 4.5              , 33 , Master's  , 8                , 3800   , 41              , 13               , 38           , 6       , 4.4
12        , Jessica    , Jackson  , Financial Analyst     , Finance          , 72000 , 2022-05-20, Project Epsilon, 4.3              , 29 , Bachelor's, 4                , 3100   , 40              , 9                , 28           , 5       , 4.2
13        , Daniel     , White    , Customer Support Lead , Customer Service , 66000 , 2023-04-15, Project Zeta   , 4.1              , 28 , Bachelor's, 3                , 2400   , 38              , 7                , 20           , 8       , 3.9
14        , Elizabeth  , Harris   , Content Writer        , Marketing        , 64000 , 2022-11-30, Project Alpha  , 4.0              , 26 , Bachelor's, 2                , 2000   , 37              , 8                , 18           , 4       , 3.7
15        , Matthew    , Martin   , Business Analyst      , Management       , 74000 , 2021-03-25, Project Beta   , 4.6              , 34 , MBA       , 9                , 4200   , 42              , 12               , 35           , 5       , 4.5
16        , Olivia     , Clark    , Data Engineer         , Data Science     , 73000 , 2022-02-12, Project Epsilon, 4.4              , 30 , Bachelor's, 5                , 3500   , 40              , 9                , 33           , 6       , 4.2
17        , Liam       , Lewis    , Network Engineer      , IT               , 69000 , 2023-03-05, Project Gamma  , 4.3              , 27 , Master's  , 4                , 3200   , 38              , 10               , 30           , 5       , 4.1
18        , Ava        , Walker   , Graphic Designer      , Design           , 60000 , 2022-06-20, Project Delta  , 4.0              , 25 , Bachelor's, 3                , 2400   , 35              , 7                , 18           , 4       , 3.9
19        , William    , Young    , Operations Manager    , Operations       , 78000 , 2021-10-15, Project Zeta   , 4.5              , 36 , MBA       , 12               , 4600   , 44              , 13               , 42           , 8       , 4.6
20        , Sophia     , Allen    , Sales Manager         , Sales            , 75000 , 2020-07-01, Project Alpha  , 4.6              , 32 , Bachelor's, 8                , 3800   , 40              , 11               , 28           , 5       , 4.4
21        , James      , King     , Cloud Architect       , IT               , 85000 , 2023-04-22, Project Beta   , 4.7              , 40 , Master's  , 15               , 5000   , 42              , 16               , 38           , 6       , 4.7
22        , Emma       , Wright   , Marketing Manager     , Marketing        , 72000 , 2021-11-30, Project Gamma  , 4.4              , 31 , Master's  , 6                , 3300   , 40              , 12               , 25           , 7       , 4.1
23        , Benjamin   , Hill     , Legal Advisor         , Legal            , 82000 , 2022-03-10, NA             , 4.6              , 37 , J.D.      , 10               , 4700   , 45              , 14               , 32           , 4       , 4.5
24        , Charlotte  , Scott    , Recruitment Specialist, Human Resources  , 68000 , 2023-02-01, NA             , 4.1              , 28 , Bachelor's, 5                , 2900   , 39              , 9                , 22           , 4       , 4.0
25        , Lucas      , Green    , AI Researcher         , Data Science     , 86000 , 2020-09-25, Project Delta  , 4.8              , 35 , PhD       , 10               , 5200   , 45              , 15               , 40           , 3       , 4.7
26        , Mia        , Adams    , Project Coordinator   , Management       , 64000 , 2023-05-20, Project Epsilon, 4.2              , 29 , Bachelor's, 4                , 2800   , 38              , 10               , 23           , 5       , 3.9
27        , Henry      , Baker    , Electrical Engineer   , Engineering      , 78000 , 2021-03-05, Project Alpha  , 4.5              , 34 , Master's  , 9                , 4100   , 42              , 12               , 35           , 7       , 4.4
28        , Amelia     , Carter   , Content Strategist    , Marketing        , 63000 , 2022-12-10, Project Gamma  , 4.0              , 27 , Bachelor's, 3                , 2500   , 39              , 9                , 20           , 4       , 3.8
29        , Alexander  , Morris   , Database Administrator, IT               , 73000 , 2023-01-08, Project Beta   , 4.3              , 29 , Master's  , 6                , 3400   , 40              , 11               , 26           , 5       , 4.2
30        , Isabella   , Rogers   , Customer Service Rep  , Customer Service , 62000 , 2022-07-25, NA             , 4.0              , 26 , Bachelor's, 3                , 2300   , 38              , 7                , 19           , 3       , 3.7
31        , Samuel     , Morgan   , Security Specialist   , IT               , 80000 , 2020-12-12, Project Zeta   , 4.6              , 38 , Master's  , 13               , 4800   , 45              , 15               , 36           , 6       , 4.6
32        , Evelyn     , Reed     , SEO Specialist        , Marketing        , 65000 , 2023-04-18, Project Alpha  , 4.2              , 30 , Bachelor's, 4                , 2700   , 40              , 10               , 24           , 5       , 4.1
33        , David      , Parker   , Data Analyst          , Data Science     , 70000 , 2021-06-15, Project Gamma  , 4.4              , 33 , Master's  , 7                , 3500   , 41              , 13               , 30           , 4       , 4.3
34        , Sofia      , Bell     , Sales Executive       , Sales            , 69000 , 2022-11-01, Project Beta   , 4.1              , 27 , Bachelor's, 4                , 2600   , 40              , 9                , 22           , 3       , 4.0
35        , Andrew     , Bennett  , Test Engineer         , Quality Assurance, 66000 , 2023-05-12, Project Epsilon, 4.0              , 31 , Bachelor's, 5                , 2400   , 39              , 8                , 21           , 5       , 3.9
36        , Harper     , Cook     , Event Planner         , Marketing        , 62000 , 2022-09-30, Project Delta  , 4.3              , 28 , Bachelor's, 3                , 2200   , 37              , 6                , 18           , 4       , 4.1
37        , Elijah     , Murphy   , AI Engineer           , Data Science     , 89000 , 2021-04-22, Project Zeta   , 4.8              , 36 , PhD       , 11               , 5300   , 45              , 16               , 38           , 3       , 4.6
38        , Abigail    , Bailey   , HR Coordinator        , Human Resources  , 67000 , 2022-02-07, NA             , 4.3              , 29 , Bachelor's, 4                , 2500   , 40              , 8                , 23           , 4       , 4.1
39        , Ethan      , Rivera   , Full Stack Developer  , Development      , 76000 , 2020-08-15, Project Alpha  , 4.6              , 34 , Master's  , 9                , 4100   , 42              , 13               , 35           , 6       , 4.5
40        , Emily      , Cooper   , Compliance Officer    , Legal            , 74000 , 2023-03-30, NA             , 4.5              , 32 , J.D.      , 7                , 3900   , 40              , 12               , 26           , 4       , 4.4
41        , Joshua     , Peterson , Operations Analyst    , Operations       , 68000 , 2022-04-10, Project Gamma  , 4.2              , 30 , Bachelor's, 5                , 3100   , 39              , 10               , 28           , 5       , 4.1
42        , Sophia     , Gray     , Sales Consultant      , Sales            , 72000 , 2023-01-01, Project Beta   , 4.3              , 33 , Bachelor's, 6                , 3300   , 40              , 9                , 30           , 4       , 4.2
43        , Logan      , Evans    , Web Developer         , Development      , 71000 , 2022-08-18, Project Delta  , 4.2              , 27 , Bachelor's, 4                , 3000   , 38              , 10               , 27           , 5       , 4.0
44        , Avery      , Turner   , Brand Manager         , Marketing        , 67000 , 2023-04-05, Project Epsilon, 4.0              , 29 , Bachelor's, 4                , 2400   , 40              , 8                , 21           , 3       , 3.9
45        , Noah       , Phillips , Legal Assistant       , Legal            , 68000 , 2022-01-10, NA             , 4.2              , 26 , Bachelor's, 3                , 2700   , 37              , 7                , 18           , 2       , 4.0
46        , Charlotte  , Rogers   , PR Specialist         , Marketing        , 69000 , 2021-07-20, Project Alpha  , 4.3              , 28 , Bachelor's, 4                , 2600   , 38              , 9                , 23           , 4       , 4.1
47        , Lucas      , Patterson, Software Tester       , Quality Assurance, 66000 , 2023-02-22, Project Beta   , 4.0              , 30 , Bachelor's, 5                , 2400   , 40              , 10               , 20           , 3       , 3.9
48        , Amelia     , Hughes   , Training Specialist   , Human Resources  , 70000 , 2022-11-25, NA             , 4.4              , 32 , Master's  , 7                , 3400   , 41              , 13               , 27           , 5       , 4.3
49        , Jack       , Foster   , System Administrator  , IT               , 76000 , 2021-05-05, Project Gamma  , 4.6              , 36 , Master's  , 10               , 4300   , 44              , 14               , 32           , 6       , 4.5
50        , Mia        , Flores   , Market Analyst        , Marketing        , 67000 , 2023-03-15, Project Delta  , 4.1              , 28 , Bachelor's, 3                , 2600   , 38              , 8                , 22           , 4       , 4.0
