EmployeeID, FirstName  , LastName  , Role                         , Department       , Salary, StartDate , Project        , PerformanceRating
1         , John       , Doe       , Software Engineer            , Development      , 70000 , 2022-01-15, Project Alpha  , 4.5
2         , Jane       , Smith     , Data Scientist               , Data Science     , 75000 , 2021-06-01, Project Beta   , 4.7
3         , Michael    , Johnson   , UX Designer                  , Design           , 68000 , 2023-03-10, Project Gamma  , 4.2
4         , Emily      , Williams  , Product Manager              , Management       , 80000 , 2020-11-01, Project Delta  , 4.6
5         , David      , Brown     , QA Engineer                  , Quality Assurance, 65000 , 2022-07-15, Project Epsilon, 4.1
6         , Alice      , Davis     , DevOps Engineer              , Operations       , 72000 , 2021-09-20, Project Zeta   , 4.3
7         , Robert     , Wilson    , Backend Developer            , Development      , 71000 , 2023-02-05, Project Alpha  , 4.4
8         , Laura      , Moore     , Frontend Developer           , Development      , 69000 , 2022-10-25, Project Beta   , 4.0
9         , James      , Taylor    , HR Manager                   , Human Resources  , 73000 , 2020-12-01, NA             , 4.8
10        , Emma       , Anderson  , Marketing Specialist         , Marketing        , 67000 , 2021-08-15, Project Gamma  , 4.2
11        , Thomas     , Martinez  , Software Engineer            , Development      , 72000 , 2022-03-20, Project Delta  , 4.3
12        , Olivia     , Garcia    , Data Analyst                 , Data Science     , 69000 , 2021-11-05, Project Epsilon, 4.5
13        , William    , Robinson  , Graphic Designer             , Design           , 66000 , 2023-01-15, Project Zeta   , 4.1
14        , Sophia     , Clark     , Business Analyst             , Management       , 76000 , 2020-09-10, Project Alpha  , 4.7
15        , Daniel     , Rodriguez , Security Engineer            , Operations       , 74000 , 2022-05-01, Project Beta   , 4.4
16        , Ava        , Lewis     , Full Stack Developer         , Development      , 73000 , 2021-07-12, Project Gamma  , 4.6
17        , Joseph     , Lee       , UX Researcher                , Design           , 70000 , 2023-04-01, Project Delta  , 4.2
18        , Mia        , Walker    , Technical Writer             , Documentation    , 65000 , 2022-08-30, Project Epsilon, 4.0
19        , Christopher, Hall      , Sales Manager                , Sales            , 78000 , 2020-10-15, NA             , 4.9
20        , Isabella   , Allen     , Customer Support             , Customer Service , 62000 , 2021-12-01, Project Zeta   , 4.3
21        , Andrew     , Young     , Software Engineer            , Development      , 71000 , 2022-02-10, Project Alpha  , 4.5
22        , Charlotte  , Hernandez , Machine Learning Engineer    , Data Science     , 77000 , 2021-05-20, Project Beta   , 4.8
23        , Ethan      , King      , UI Designer                  , Design           , 69000 , 2023-03-05, Project Gamma  , 4.2
24        , Amelia     , Wright    , Project Coordinator          , Management       , 72000 , 2020-11-15, Project Delta  , 4.6
25        , Alexander  , Lopez     , System Administrator         , Operations       , 70000 , 2022-06-01, Project Epsilon, 4.3
26        , Harper     , Hill      , Mobile Developer             , Development      , 74000 , 2021-09-10, Project Zeta   , 4.7
27        , Benjamin   , Scott     , Data Engineer                , Data Science     , 76000 , 2023-01-20, Project Alpha  , 4.4
28        , Evelyn     , Green     , Content Writer               , Marketing        , 64000 , 2022-04-15, Project Beta   , 4.1
29        , Samuel     , Adams     , Financial Analyst            , Finance          , 75000 , 2020-12-10, NA             , 4.8
30        , Abigail    , Baker     , QA Automation Engineer       , Quality Assurance, 68000 , 2021-07-05, Project Gamma  , 4.3
31        , Matthew    , Nelson    , DevOps Engineer              , Operations       , 73000 , 2022-03-01, Project Delta  , 4.5
32        , Elizabeth  , Carter    , UX Designer                  , Design           , 70000 , 2021-10-20, Project Epsilon, 4.2
33        , David      , Mitchell  , Backend Developer            , Development      , 72000 , 2023-02-15, Project Zeta   , 4.6
34        , Sofia      , Perez     , Data Scientist               , Data Science     , 78000 , 2020-09-05, Project Alpha  , 4.9
35        , Joseph     , Roberts   , Product Owner                , Management       , 79000 , 2022-05-10, Project Beta   , 4.7
36        , Scarlett   , Turner    , Frontend Developer           , Development      , 71000 , 2021-08-01, Project Gamma  , 4.4
37        , Christopher, Phillips  , IT Support Specialist        , IT               , 66000 , 2023-04-20, Project Delta  , 4.1
38        , Victoria   , Campbell  , Marketing Manager            , Marketing        , 76000 , 2022-01-10, Project Epsilon, 4.8
39        , Andrew     , Parker    , Software Architect           , Development      , 85000 , 2020-11-25, Project Zeta   , 4.9
40        , Grace      , Evans     , Business Intelligence Analyst, Data Science     , 73000 , 2021-06-15, Project Alpha  , 4.5
41        , Ryan       , Edwards   , Graphic Designer             , Design           , 67000 , 2022-09-01, Project Beta   , 4.2
42        , Chloe      , Collins   , HR Specialist                , Human Resources  , 69000 , 2021-12-10, NA             , 4.3
43        , Nathan     , Stewart   , Network Engineer             , Operations       , 72000 , 2023-03-15, Project Gamma  , 4.6
44        , Zoey       , Sanchez   , Technical Project Manager    , Management       , 80000 , 2020-10-05, Project Delta  , 4.8
45        , Elijah     , Morris    , Software Engineer            , Development      , 73000 , 2022-04-20, Project Epsilon, 4.4
46        , Penelope   , Rogers    , Data Analyst                 , Data Science     , 70000 , 2021-07-25, Project Zeta   , 4.3
47        , Jack       , Reed      , UX/UI Designer               , Design           , 69000 , 2023-01-05, Project Alpha  , 4.1
48        , Layla      , Cook      , Scrum Master                 , Management       , 75000 , 2022-02-15, Project Beta   , 4.7
49        , Owen       , Morgan    , Cloud Engineer               , Operations       , 76000 , 2020-12-20, Project Gamma  , 4.5
50        , Audrey     , Bell      , Full Stack Developer         , Development      , 74000 , 2021-09-30, Project Delta  , 4.6
51        , Luke       , Murphy    , Machine Learning Researcher  , Data Science     , 79000 , 2022-06-10, Project Epsilon, 4.8
52        , Bella      , Bailey    , Content Strategist           , Marketing        , 68000 , 2023-04-05, Project Zeta   , 4.2
53        , Gabriel    , Rivera    , Systems Analyst              , IT               , 71000 , 2020-11-10, Project Alpha  , 4.4
54        , Savannah   , Cooper    , Customer Success Manager     , Customer Service , 72000 , 2021-08-20, Project Beta   , 4.5
55        , Isaac      , Richardson, Mobile App Developer         , Development      , 73000 , 2022-03-25, Project Gamma  , 4.3
56        , Nora       , Cox       , Data Engineer                , Data Science     , 75000 , 2021-05-15, Project Delta  , 4.7
57        , Henry      , Howard    , UI Designer                  , Design           , 69000 , 2023-02-01, Project Epsilon, 4.1
58        , Lillian    , Ward      , Product Marketing Manager    , Marketing        , 77000 , 2022-07-10, Project Zeta   , 4.6
59        , Wyatt      , Torres    , Software QA Engineer         , Quality Assurance, 68000 , 2020-09-30, Project Alpha  , 4.2
60        , Addison    , Peterson  , DevOps Specialist            , Operations       , 74000 , 2021-12-15, Project Beta   , 4.5
61        , Sebastian  , Gray      , Frontend Developer           , Development      , 72000 , 2022-05-20, Project Gamma  , 4.4
62        , Brooklyn   , Ramirez   , Business Analyst             , Management       , 76000 , 2023-03-10, Project Delta  , 4.7
63        , Julian     , James     , Database Administrator       , IT               , 73000 , 2020-10-25, Project Epsilon, 4.3
64        , Leah       , Watson    , UX Researcher                , Design           , 70000 , 2021-07-30, Project Zeta   , 4.2
65        , Jack       , Brooks    , Software Engineer            , Development      , 74000 , 2022-01-05, Project Alpha  , 4.6
66        , Zoe        , Kelly     , Data Scientist               , Data Science     , 78000 , 2021-09-15, Project Beta   , 4.8
67        , Jaxon      , Sanders   , Graphic Designer             , Design           , 67000 , 2023-04-25, Project Gamma  , 4.1
68        , Mila       , Price     , Agile Coach                  , Management       , 79000 , 2022-08-05, Project Delta  , 4.7
69        , Kevin      , Bennett   , Network Administrator        , Operations       , 71000 , 2020-12-05, Project Epsilon, 4.3
70        , Aria       , Wood      , Software Developer           , Development      , 73000 , 2021-06-10, Project Zeta   , 4.5
71        , Levi       , Barnes    , Machine Learning Engineer    , Data Science     , 77000 , 2022-03-15, Project Alpha  , 4.6
72        , Aubrey     , Ross      , UI/UX Designer               , Design           , 70000 , 2023-01-25, Project Beta   , 4.2
73        , Christian  , Henderson , Technical Lead               , Development      , 82000 , 2020-11-20, Project Gamma  , 4.9
74        , Emilia     , Coleman   , Marketing Analyst            , Marketing        , 69000 , 2021-08-25, Project Delta  , 4.4
75        , Landon     , Jenkins   , Cloud Architect              , Operations       , 80000 , 2022-05-30, Project Epsilon, 4.7
76        , Hazel      , Perry     , Full Stack Engineer          , Development      , 75000 , 2021-10-05, Project Zeta   , 4.5
77        , Carson     , Powell    , Data Analyst                 , Data Science     , 71000 , 2023-02-10, Project Alpha  , 4.3
78        , Violet     , Long      , Product Designer             , Design           , 72000 , 2022-07-15, Project Beta   , 4.4
79        , Alex       , Patterson , IT Project Manager           , Management       , 78000 , 2020-09-20, Project Gamma  , 4.8
80        , Kaylee     , Hughes    , QA Automation Engineer       , Quality Assurance, 69000 , 2021-12-25, Project Delta  , 4.2
81        , Sawyer     , Flores    , Backend Developer            , Development      , 74000 , 2022-04-01, Project Epsilon, 4.6
82        , Piper      , Washington, UX Designer                  , Design           , 71000 , 2023-03-20, Project Zeta   , 4.3
83        , Greyson    , Butler    , Data Engineer                , Data Science     , 76000 , 2020-10-30, Project Alpha  , 4.7
84        , Athena     , Simmons   , Technical Writer             , Documentation    , 66000 , 2021-07-05, Project Beta   , 4.1
85        , Leo        , Foster    , Software Architect           , Development      , 83000 , 2022-02-10, Project Gamma  , 4.9
86        , Delilah    , Gonzales  , HR Business Partner          , Human Resources  , 72000 , 2021-09-25, NA             , 4.5
87        , Eli        , Bryant    , Systems Engineer             , Operations       , 75000 , 2023-01-30, Project Delta  , 4.4
88        , Skylar     , Alexander , Frontend Developer           , Development      , 73000 , 2022-06-05, Project Epsilon, 4.6
89        , Bryson     , Russell   , Data Scientist               , Data Science     , 79000 , 2020-12-15, Project Zeta   , 4.8
90        , Lucy       , Griffin   , UI Designer                  , Design           , 68000 , 2021-06-20, Project Alpha  , 4.2
91        , Tyler      , Diaz      , Product Manager              , Management       , 81000 , 2022-03-25, Project Beta   , 4.7
92        , Everly     , Hayes     , DevOps Engineer              , Operations       , 74000 , 2023-04-10, Project Gamma  , 4.5
93        , Jordan     , Myers     , Mobile Developer             , Development      , 72000 , 2020-11-30, Project Delta  , 4.3
94        , Gianna     , Ford      , Business Intelligence Analyst, Data Science     , 75000 , 2021-08-05, Project Epsilon, 4.6
95        , Jonathan   , Hamilton  , UX Researcher                , Design           , 70000 , 2022-05-10, Project Zeta   , 4.4
96        , Nova       , Graham    , Technical Support Specialist , IT               , 65000 , 2021-10-15, Project Alpha  , 4.1
97        , Ezra       , Sullivan  , Software Engineer            , Development      , 73000 , 2023-02-20, Project Beta   , 4.5
98        , Naomi      , Wallace   , Digital Marketing Specialist , Marketing        , 69000 , 2022-07-25, Project Gamma  , 4.3
99        , Axel       , Woods     , Cloud Security Engineer      , Operations       , 77000 , 2020-09-30, Project Delta  , 4.7
100       , Madison    , Cole      , Full Stack Developer         , Development      , 76000 , 2021-12-05, Project Epsilon, 4.6